name,description,params,dice_mean,dice_std,iou_mean,iou_std,precision,recall,f1,dice_min,dice_max
proposed_full,Proposed (EfficientNet-B7 / UNet++ / SCSE / Gabor / Stabilized Loss),68354510,0.9413145454600453,0.05137040444465942,0.8924580204766244,0.06931296083871505,0.9363611019216478,0.9518972102086991,0.94131406606175,0.4403913617134094,0.9811491370201111
sota_unet_resnet34,Vanilla U-Net (ResNet-34),24436369,0.630562223650168,0.3213108390199839,0.5291913696670694,0.29682291820263335,0.9673351822420955,0.5488661977102769,0.630561857156227,3.467887435548711e-11,0.9555516839027405
sota_unet_resnet50,U-Net (ResNet-50),32521105,0.4660345465972957,0.31517184989450553,0.36174786069276954,0.2861277130183471,0.971029064967297,0.3680129200500166,0.4660342502684992,4.42164846403692e-11,0.950748860836029
sota_unetpp_resnet50,UNet++ (ResNet-50),48985745,0.11282949312430056,0.1887369208019062,0.07344709047833087,0.13822030268343438,0.9941752031445503,0.0736591010638592,0.11282940777503547,1.985821229677498e-11,0.8374000191688538
sota_attention_unet_resnet50,"Attention U-Net (ResNet-50, SCSE)",33816076,0.7549663604103345,0.2952669486707691,0.6716135833311356,0.27763260722928573,0.8508526617661119,0.811304055377049,0.7549659511912781,2.324824534272185e-11,0.961898148059845
sota_deeplabv3p_resnet50,DeepLabV3+ (ResNet-50),26677585,0.7246854015557991,0.33109135614822566,0.6479935376029251,0.30940189901868437,0.9086928647011518,0.7292373225847049,0.7246850140402252,5.839415756492272e-11,0.9579673409461975
sota_manet_resnet50,MA-Net (ResNet-50),147439993,0.011001079466093893,0.05291625540253093,0.006419442842396189,0.03352853393466184,0.9953353912569582,0.006536099929742728,0.011001069073350574,1.985821229677498e-11,0.5017751455307007
sota_fpn_resnet50,FPN (ResNet-50),26116033,0.7048518657271436,0.30457746608897607,0.6130583181498899,0.2963735550657424,0.8953475765883923,0.6975694408161892,0.7048514689569898,5.839415756492272e-11,0.9638766050338745
ablation_no_gabor,Ours w/o Gabor edge channel (3-ch input),68352683,0.739591878857124,0.2255805186444554,0.6256459942270399,0.22191970696700153,0.9647501232102513,0.6441921140250148,0.7395914555893006,1.5845350032073213e-10,0.9653956294059753
ablation_no_weighted_sampling,Ours w/o complexity-weighted sampling,68354510,0.0254117769331527,0.04727580924258886,0.013493966065608523,0.026118646228260125,0.9665786786936224,0.013618179447759152,0.025411750900641475,2.3000667342953918e-11,0.29315751791000366
ablation_standard_loss,Ours w/ standard Dice+BCE loss (no stabilisation),68354510,0.000501721084560662,0.0024124707126659197,0.00025238885322649703,0.0012144933122228692,0.9901897834011355,0.00025243238892337454,0.0005017206442527348,1.985821229677498e-11,0.016614150255918503
ablation_no_scse,Ours w/o SCSE decoder attention,68165380,0.0012278108862581105,0.006067086236894958,0.0006236720984368259,0.0030933619267912126,0.9915805389173329,0.0006257176884453185,0.0012278096040075428,1.985821229677498e-11,0.04596526920795441
ablation_unet_not_unetpp,Ours w/ plain U-Net decoder (not UNet++),67225741,0.1441470137235008,0.12091419130153346,0.08251053740689329,0.07458506949458374,0.9432883553672582,0.08393861168308447,0.144146882873521,6.771397331739593e-11,0.5432907342910767
