name,description,params_M,fps
proposed,Proposed (EfficientNet-B7 / UNet++ / SCSE / Gabor edge),68.4,22.6
unet_resnet34,Vanilla U-Net (ResNet-34),24.4,173.8
unet_resnet50,U-Net (ResNet-50),32.5,126.9
unetpp_resnet50,UNet++ (ResNet-50),49.0,34.9
attention_unet_resnet50,"Attention U-Net (ResNet-50, SCSE)",33.8,103.7
deeplabv3p_resnet50,DeepLabV3+ (ResNet-50),26.7,143.8
manet_resnet50,MA-Net (ResNet-50),147.4,78.7
fpn_resnet50,FPN (ResNet-50),26.1,153.8
ablation_no_scse,Ours w/o SCSE attention,68.2,26.0
ablation_unet_eb7,Ours w/ U-Net (not UNet++),67.2,30.6
