id,group,dice,iou,boundary_f1_2px,surface_dice_2px,hd95_px,empty_prediction,empty_reference,tp,fp,fn
IXMtest_A09_s1_w1CE70AD49-290D-4312-82E6-CDC717F32637,IXMtest_A09_s1_w1CE70AD49-290D-4312-82E6-CDC717F32637,0.01724626217052901,0.008698136254383546,0.015429137055549618,0.014579138139347563,243.22808129529045,0,0,883,9,100624
IXMtest_A12_s7_w1EAEEA614-51ED-43B3-A4FF-088730911E4C,IXMtest_A12_s7_w1EAEEA614-51ED-43B3-A4FF-088730911E4C,0.1500309981401116,0.08109919571045576,0.09136412595830956,0.08957219251336898,429.070681653248,0,0,1331,11,15070
IXMtest_A16_s2_w15AF20A10-82AE-48FA-AC50-7AE8AC3AA544,IXMtest_A16_s2_w15AF20A10-82AE-48FA-AC50-7AE8AC3AA544,0.006407210410950505,0.003213901276334,0.01050103789328015,0.010622344413896525,528.8347857625437,0,0,209,1,64820
IXMtest_A22_s8_w1E2AFE190-831D-4D9C-961E-3AA2ECB3599D,IXMtest_A22_s8_w1E2AFE190-831D-4D9C-961E-3AA2ECB3599D,0.0,0.0,0.0,0.0,868.8014732952518,1,0,0,0,53358
IXMtest_B02_s9_w124B5080D-EBE1-47D2-B147-C0F342039EDF,IXMtest_B02_s9_w124B5080D-EBE1-47D2-B147-C0F342039EDF,0.06924885207724586,0.03586627523269839,0.04731579985501195,0.04591492234976367,244.16340239160303,0,0,1576,25,42340
IXMtest_B04_s2_w17C6C7F8D-98F7-422B-92CD-EA61EE813325,IXMtest_B04_s2_w17C6C7F8D-98F7-422B-92CD-EA61EE813325,0.013924990716672856,0.007011311582686735,0.011125104953820318,0.01112510495382032,314.3653919700686,0,0,525,1,74353
IXMtest_B05_s5_w10296BEF4-0F48-4EC8-BC24-6C604871398B,IXMtest_B05_s5_w10296BEF4-0F48-4EC8-BC24-6C604871398B,0.0,0.0,0.0,0.0,868.8014732952518,1,0,0,0,71884
IXMtest_C07_s5_w12C9F2926-A017-4962-8660-72C9C20C86E4,IXMtest_C07_s5_w12C9F2926-A017-4962-8660-72C9C20C86E4,0.1333840979757599,0.07145771008974708,0.09631134887532909,0.09751377102873307,144.9242904955172,0,0,7357,1097,94502
IXMtest_C14_s8_w1612E3D43-FA7E-4FFB-BE53-F34A3A0CAFCD,IXMtest_C14_s8_w1612E3D43-FA7E-4FFB-BE53-F34A3A0CAFCD,0.03005879006258297,0.015258724428399519,0.02324821839262952,0.023069767441860466,299.9219774536379,0,0,1268,63,81769
IXMtest_C23_s2_w10533E965-3DC3-4556-9C26-EA8DD4F8DE61,IXMtest_C23_s2_w10533E965-3DC3-4556-9C26-EA8DD4F8DE61,0.0,0.0,0.0,0.0,868.8014732952518,1,0,0,0,66627
IXMtest_D01_s1_w181AE787C-B5EE-4150-A90E-2FE43165C32E,IXMtest_D01_s1_w181AE787C-B5EE-4150-A90E-2FE43165C32E,0.0,0.0,0.0,0.0,868.8014732952518,1,0,0,0,71297
IXMtest_D06_s8_w1BE84C8EF-4CD0-4B56-8267-4E662F57AC25,IXMtest_D06_s8_w1BE84C8EF-4CD0-4B56-8267-4E662F57AC25,0.026292945667520787,0.013321604951355476,0.02185959492457726,0.021389501183770105,338.0665602510765,0,0,1257,45,93056
IXMtest_D08_s7_w1F476A544-A07C-4E9B-A6CB-BAEF4CD6F64E,IXMtest_D08_s7_w1F476A544-A07C-4E9B-A6CB-BAEF4CD6F64E,0.2025635969236837,0.11269583534471408,0.14527052892929584,0.1438235294117647,327.60532657030154,0,0,2568,92,20127
IXMtest_D10_s2_w1BB72A093-72AB-476C-9513-2FF43BFB2134,IXMtest_D10_s2_w1BB72A093-72AB-476C-9513-2FF43BFB2134,0.19144952572072865,0.10585799425754126,0.1402744279818924,0.14015697581291045,120.25493589750668,0,0,9254,916,77249
IXMtest_D20_s3_w19D371AF3-0189-48A3-AF3B-D108DE6A017F,IXMtest_D20_s3_w19D371AF3-0189-48A3-AF3B-D108DE6A017F,0.31116484054599985,0.1842482013736612,0.2012282116494014,0.2012282116494014,109.88175462741756,0,0,20334,3115,86913
IXMtest_E07_s1_w1641C6847-142B-463F-8B08-5B3296615572,IXMtest_E07_s1_w1641C6847-142B-463F-8B08-5B3296615572,0.5304497828611318,0.3609606372580365,0.3217742404242843,0.3226727282338637,66.13470541011131,0,0,39514,10377,59578
IXMtest_F03_s5_w1FE22EC7D-720A-4848-888A-6AFE1E1C85B0,IXMtest_F03_s5_w1FE22EC7D-720A-4848-888A-6AFE1E1C85B0,0.10702497860722872,0.05653797720399092,0.0827398862926414,0.08376795314129824,239.5153435044417,0,0,5253,242,87416
IXMtest_F04_s5_w1D94DA1A2-873C-44B3-80EB-36DC2A97E9A3,IXMtest_F04_s5_w1D94DA1A2-873C-44B3-80EB-36DC2A97E9A3,0.07590292268265016,0.03944859309722404,0.047595819242018216,0.04680897171957959,280.12961285668354,0,0,2710,293,65694
IXMtest_F08_s7_w117D78658-1BA7-495D-9EAA-E4FA155861AC,IXMtest_F08_s7_w117D78658-1BA7-495D-9EAA-E4FA155861AC,0.10906631344587549,0.057678550137116966,0.040678029209989856,0.04007715387912559,489.0296452439047,0,0,1935,0,31613
IXMtest_F12_s8_w1DBD80811-5297-4415-ACD1-EC9286BE76A4,IXMtest_F12_s8_w1DBD80811-5297-4415-ACD1-EC9286BE76A4,0.04120096427788735,0.02103378831953457,0.07345575959933222,0.07046979865771812,274.52216411267045,0,0,94,2,4373
IXMtest_F14_s7_w1E67F2A8A-EEC1-4F01-A1E2-0ECFC639637F,IXMtest_F14_s7_w1E67F2A8A-EEC1-4F01-A1E2-0ECFC639637F,0.0034815721474228205,0.0017438216942317647,0.004599379448804526,0.0042767847351683295,447.6044012233316,0,0,128,4,73270
IXMtest_G01_s2_w1FBE52723-8BDF-4346-89BB-216A4A69ED1C,IXMtest_G01_s2_w1FBE52723-8BDF-4346-89BB-216A4A69ED1C,0.14165249433106575,0.07622497616777883,0.10129288615668493,0.10194303965930264,328.18237914714075,0,0,3998,244,48208
IXMtest_G06_s7_w19444140C-EF22-42DE-863A-514D836BE850,IXMtest_G06_s7_w19444140C-EF22-42DE-863A-514D836BE850,0.015804933203878723,0.007965413012239235,0.0,0.0,539.6256052420558,0,0,643,0,80081
IXMtest_I03_s4_w1C724E24D-7AD5-4166-A810-DC75A825495D,IXMtest_I03_s4_w1C724E24D-7AD5-4166-A810-DC75A825495D,0.08044010060755016,0.0419054912706865,0.05473803135150403,0.05607060082011053,257.6554826019933,0,0,3502,179,79888
IXMtest_I12_s1_w18A06F07F-CD8F-4056-B041-3967BE48AD78,IXMtest_I12_s1_w18A06F07F-CD8F-4056-B041-3967BE48AD78,0.08536040877747093,0.04458301665169626,0.0569874368605103,0.0569874368605103,133.4053971921676,0,0,5162,578,110044
IXMtest_I17_s6_w1EB7CA00F-DF95-466C-BF8C-6304B6A4974E,IXMtest_I17_s6_w1EB7CA00F-DF95-466C-BF8C-6304B6A4974E,0.023230062433737778,0.011751525553012968,0.025136114099966717,0.024551214361140442,353.8210687851056,0,0,986,18,82900
IXMtest_I17_s7_w1BB3D534E-DF08-4F21-BAC6-6B105BB40AF9,IXMtest_I17_s7_w1BB3D534E-DF08-4F21-BAC6-6B105BB40AF9,0.07420223431681466,0.03853064721491724,0.05762267818444134,0.056801470588235294,182.5393106941316,0,0,3238,457,80342
IXMtest_I23_s5_w1E3053D6B-8CEF-48E3-A6A5-2F0D7C1AA177,IXMtest_I23_s5_w1E3053D6B-8CEF-48E3-A6A5-2F0D7C1AA177,0.5832179451675437,0.41164972634870994,0.4940775427254555,0.49520613614573344,148.41087728047222,0,0,9477,776,12769
IXMtest_J16_s8_w1AD7BC3EB-6A29-4A53-AA59-E39653839B0D,IXMtest_J16_s8_w1AD7BC3EB-6A29-4A53-AA59-E39653839B0D,0.018925383583221517,0.009553089735434778,0.009321502195930805,0.008807405410263324,251.27992348531333,0,0,811,0,84083
IXMtest_J17_s1_w19E7BCD2F-6D7E-4B39-9154-F93E4D539183,IXMtest_J17_s1_w19E7BCD2F-6D7E-4B39-9154-F93E4D539183,0.0,0.0,0.0,0.0,868.8014732952518,1,0,0,0,57720
IXMtest_K01_s3_w1054711D8-52CF-4672-B3A0-EC9EC2E681C4,IXMtest_K01_s3_w1054711D8-52CF-4672-B3A0-EC9EC2E681C4,0.09249786871270248,0.048491620111731845,0.07843806840065456,0.07711111111111112,204.20626541412372,0,0,3255,87,63783
IXMtest_K01_s5_w1A3DE001A-72D6-4321-8B25-4300AB0207AC,IXMtest_K01_s5_w1A3DE001A-72D6-4321-8B25-4300AB0207AC,0.012951520912547528,0.006517969263888058,0.004686828709429639,0.004459047172025346,452.67780999870484,0,0,436,6,66450
IXMtest_K03_s5_w1DC4CE558-042C-482E-8CAE-FCCB57AA9A55,IXMtest_K03_s5_w1DC4CE558-042C-482E-8CAE-FCCB57AA9A55,0.000748613363882808,0.00037444683989560875,0.0001895914304673429,0.00018959143046734286,640.6996175942229,0,0,33,0,88097
IXMtest_K05_s9_w1647AEF60-D7B0-4D83-AFA5-2B05E968468F,IXMtest_K05_s9_w1647AEF60-D7B0-4D83-AFA5-2B05E968468F,0.07229940776731637,0.03750551722535833,0.042261575133026745,0.04209965361044498,249.805724253576,0,0,3229,132,82733
IXMtest_K17_s5_w1BB3AD9D7-3A85-458C-AB1C-07A816C2C203,IXMtest_K17_s5_w1BB3AD9D7-3A85-458C-AB1C-07A816C2C203,0.12361955484097875,0.06588192451051797,0.06030983574835236,0.0594819838222077,218.87576380927365,0,0,6151,174,87039
IXMtest_L06_s5_w1610AE208-D6E8-4DC4-AC19-D26284AA8556,IXMtest_L06_s5_w1610AE208-D6E8-4DC4-AC19-D26284AA8556,0.050741471925072314,0.026031165796762828,0.027143507260769698,0.026569545612209505,270.770013026133,0,0,2763,228,103151
IXMtest_M12_s7_w193E9BA0F-274A-4EE8-A0F0-6A58471A333A,IXMtest_M12_s7_w193E9BA0F-274A-4EE8-A0F0-6A58471A333A,0.21117090369270736,0.11804979253112033,0.13619842748030694,0.13570197849206822,87.36704184073076,0,0,13656,1803,100221
IXMtest_N07_s5_w1D30ED7AB-503E-479D-B5BC-B66472568DE2,IXMtest_N07_s5_w1D30ED7AB-503E-479D-B5BC-B66472568DE2,0.0,0.0,0.0,0.0,868.8014732952518,1,0,0,0,89770
IXMtest_N08_s2_w159DEEDD5-2882-4F9E-9048-F5BD2B918651,IXMtest_N08_s2_w159DEEDD5-2882-4F9E-9048-F5BD2B918651,0.08653427290198591,0.04522384262049201,0.05631507546390088,0.055802908875037104,170.3634152814952,0,0,3377,336,70960
IXMtest_N11_s4_w142A84EA3-47C3-4B49-B6CA-BBC6685BBE1E,IXMtest_N11_s4_w142A84EA3-47C3-4B49-B6CA-BBC6685BBE1E,0.1327293461733401,0.07108200726088285,0.10660812876259396,0.10726982959421356,162.4881531859176,0,0,4190,341,54415
IXMtest_N12_s9_w1C98EC3CC-2F8E-4761-A21A-EBF14469AD40,IXMtest_N12_s9_w1C98EC3CC-2F8E-4761-A21A-EBF14469AD40,0.0,0.0,0.0,0.0,868.8014732952518,1,0,0,0,87500
IXMtest_N21_s1_w14F264B20-62D6-47EC-9BCD-B9416AB302D9,IXMtest_N21_s1_w14F264B20-62D6-47EC-9BCD-B9416AB302D9,0.0,0.0,0.0,0.0,868.8014732952518,1,0,0,0,10892
IXMtest_O01_s6_w11A23978B-BAAD-4287-B1F6-FFBCF45C5E2F,IXMtest_O01_s6_w11A23978B-BAAD-4287-B1F6-FFBCF45C5E2F,0.033970109441807554,0.01727853152434158,0.05040643162939036,0.050546448087431695,443.46245613061444,0,0,866,106,49148
IXMtest_O02_s4_w1814603DA-DD56-44EF-98C5-AFF3B636F986,IXMtest_O02_s4_w1814603DA-DD56-44EF-98C5-AFF3B636F986,0.0027410320581575495,0.0013723969210573423,0.005590266359750082,0.005590266359750082,647.305800839146,0,0,69,0,50208
IXMtest_O04_s2_w19A18B0D8-8E8B-4572-A5C0-5C678F3AD54C,IXMtest_O04_s2_w19A18B0D8-8E8B-4572-A5C0-5C678F3AD54C,0.026161042432342133,0.013253888992332041,0.023522357770449462,0.02289976445956556,421.0653150892997,0,0,783,7,58287
IXMtest_P07_s8_w144364F25-950A-472C-A529-1A9AD0433B6C,IXMtest_P07_s8_w144364F25-950A-472C-A529-1A9AD0433B6C,0.1020109046139415,0.05374683387903873,0.06414190706094292,0.06331340133661625,307.15138907662987,0,0,3480,111,61157
IXMtest_P07_s8_w19D682C29-5685-4A33-8CAA-F0797DD7F021,IXMtest_P07_s8_w19D682C29-5685-4A33-8CAA-F0797DD7F021,0.47844451894066375,0.3144443465233101,0.3547827856672519,0.35691439322671686,299.0,0,0,10704,1062,22275
IXMtest_P15_s8_w1D26A5BC7-CF59-4027-B785-85AD33773609,IXMtest_P15_s8_w1D26A5BC7-CF59-4027-B785-85AD33773609,0.0,0.0,0.0,0.0,868.8014732952518,1,0,0,0,49378
IXMtest_P19_s6_w10EBAD15B-2822-48B9-B9C8-4DF5D80AB940,IXMtest_P19_s6_w10EBAD15B-2822-48B9-B9C8-4DF5D80AB940,0.0,0.0,0.0,0.0,868.8014732952518,1,0,0,0,56634
IXMtest_P21_s4_w19B7DC88B-10BB-4B51-9A10-9E30285688C1,IXMtest_P21_s4_w19B7DC88B-10BB-4B51-9A10-9E30285688C1,0.10942314969995134,0.05787818129825565,0.08641720074426297,0.08641720074426297,338.14138207298186,0,0,2024,99,32847
