run,variant,label,seed,mode,patient_macro_dice,image_macro_dice
gabor_b7_s0,gabor_b7,Gabor bundle,0,explicit_grayscale,0.017882985615771996,0.018660666627977295
gabor_b7_s0,gabor_b7,Gabor bundle,0,inverted_grayscale,0.23633411688598419,0.238616085034326
gabor_b7_s1,gabor_b7,Gabor bundle,1,explicit_grayscale,0.04945653289662713,0.05051766935511798
gabor_b7_s1,gabor_b7,Gabor bundle,1,inverted_grayscale,0.48380629090590244,0.4818249842527781
gabor_b7_s2,gabor_b7,Gabor bundle,2,explicit_grayscale,0.02077590096850904,0.02212485511219989
gabor_b7_s2,gabor_b7,Gabor bundle,2,inverted_grayscale,0.4097490388685243,0.4098447407015486
gabor_boundary_b7_s0,gabor_boundary_b7,Gabor + boundary,0,explicit_grayscale,0.008272557677118571,0.008893613972365185
gabor_boundary_b7_s0,gabor_boundary_b7,Gabor + boundary,0,inverted_grayscale,0.18288903591110922,0.18710448066014695
gabor_boundary_b7_s1,gabor_boundary_b7,Gabor + boundary,1,explicit_grayscale,0.09623654871412245,0.0959822660575345
gabor_boundary_b7_s1,gabor_boundary_b7,Gabor + boundary,1,inverted_grayscale,0.4878230217821153,0.4817596373858518
gabor_boundary_b7_s2,gabor_boundary_b7,Gabor + boundary,2,explicit_grayscale,0.011206265294100955,0.01180661725164579
gabor_boundary_b7_s2,gabor_boundary_b7,Gabor + boundary,2,inverted_grayscale,0.29338291017630136,0.2993483927423808
vanilla_b7_s0,vanilla_b7,Vanilla B7,0,explicit_grayscale,0.06462232556609568,0.06536197617384377
vanilla_b7_s0,vanilla_b7,Vanilla B7,0,inverted_grayscale,0.508759566486673,0.500638169971176
vanilla_b7_s1,vanilla_b7,Vanilla B7,1,explicit_grayscale,0.08989130618614588,0.08919668584794607
vanilla_b7_s1,vanilla_b7,Vanilla B7,1,inverted_grayscale,0.5136051159738287,0.502792186446301
vanilla_b7_s2,vanilla_b7,Vanilla B7,2,explicit_grayscale,0.0874778990568292,0.08699397294951204
vanilla_b7_s2,vanilla_b7,Vanilla B7,2,inverted_grayscale,0.5167029976936052,0.5078230932597311
residual_gabor_b7_s0,residual_gabor_b7,Residual Gabor,0,explicit_grayscale,0.015982255774219977,0.017047104166664214
residual_gabor_b7_s0,residual_gabor_b7,Residual Gabor,0,inverted_grayscale,0.3483765774096748,0.349119569323639
residual_gabor_b7_s1,residual_gabor_b7,Residual Gabor,1,explicit_grayscale,0.030409341087126097,0.03294349637889737
residual_gabor_b7_s1,residual_gabor_b7,Residual Gabor,1,inverted_grayscale,0.3154115381845045,0.32186714519702764
residual_gabor_b7_s2,residual_gabor_b7,Residual Gabor,2,explicit_grayscale,0.0748785239382658,0.07450659234934451
residual_gabor_b7_s2,residual_gabor_b7,Residual Gabor,2,inverted_grayscale,0.4775241378504613,0.46610920508937986
residual_gabor_boundary_b7_s0,residual_gabor_boundary_b7,Residual Gabor + boundary,0,explicit_grayscale,0.06116641817568163,0.06126973900257224
residual_gabor_boundary_b7_s0,residual_gabor_boundary_b7,Residual Gabor + boundary,0,inverted_grayscale,0.4443159521027651,0.4377600702445814
residual_gabor_boundary_b7_s1,residual_gabor_boundary_b7,Residual Gabor + boundary,1,explicit_grayscale,0.05216711949281761,0.05368686205992252
residual_gabor_boundary_b7_s1,residual_gabor_boundary_b7,Residual Gabor + boundary,1,inverted_grayscale,0.39491384647837546,0.3953423955768142
residual_gabor_boundary_b7_s2,residual_gabor_boundary_b7,Residual Gabor + boundary,2,explicit_grayscale,0.021238461770739674,0.02181740726921416
residual_gabor_boundary_b7_s2,residual_gabor_boundary_b7,Residual Gabor + boundary,2,inverted_grayscale,0.4271893760512737,0.4271778743168598
residual_sobel_b7_s0,residual_sobel_b7,Residual Sobel,0,explicit_grayscale,0.03192438080393268,0.03342278466016057
residual_sobel_b7_s0,residual_sobel_b7,Residual Sobel,0,inverted_grayscale,0.41070130306555624,0.40575159491907364
residual_sobel_b7_s1,residual_sobel_b7,Residual Sobel,1,explicit_grayscale,0.021671141915770197,0.024154489435395842
residual_sobel_b7_s1,residual_sobel_b7,Residual Sobel,1,inverted_grayscale,0.25293244803868464,0.26063543738152534
residual_sobel_b7_s2,residual_sobel_b7,Residual Sobel,2,explicit_grayscale,0.07940963613537118,0.0785294777219619
residual_sobel_b7_s2,residual_sobel_b7,Residual Sobel,2,inverted_grayscale,0.4527964624606176,0.44086460000831634
scse_b7_s0,scse_b7,SCSE-only B7,0,explicit_grayscale,0.030292667060739853,0.031076290712501828
scse_b7_s0,scse_b7,SCSE-only B7,0,inverted_grayscale,0.36183549970706014,0.359235595604873
scse_b7_s1,scse_b7,SCSE-only B7,1,explicit_grayscale,0.027006281828654086,0.029350058841198966
scse_b7_s1,scse_b7,SCSE-only B7,1,inverted_grayscale,0.2961392644891458,0.3038951101097579
scse_b7_s2,scse_b7,SCSE-only B7,2,explicit_grayscale,0.07347941499866427,0.07307463123182928
scse_b7_s2,scse_b7,SCSE-only B7,2,inverted_grayscale,0.5177329327094178,0.5055643133948353
