experiment,metric,n,stored_mean,recomputed_mean,difference
ablation_unet_not_unetpp,dice,128,0.034908847055116335,0.03490884705511634,-6.938893903907228e-18
ablation_unet_not_unetpp,iou,128,0.01901224010860405,0.01901224010860405,0.0
ablation_unet_not_unetpp,precision,128,0.9689213606149336,0.9689213606149336,0.0
ablation_unet_not_unetpp,recall,128,0.019063529758095613,0.019063529758095613,0.0
ablation_unet_not_unetpp,f1,128,0.034908814986850216,0.034908814986850216,0.0
proposed_full,dice,128,0.9513145454600453,0.9413145454600453,0.010000000000000009
proposed_full,iou,128,0.9024580204766244,0.8924580204766244,0.010000000000000009
proposed_full,precision,128,0.9363611019216478,0.9363611019216478,0.0
proposed_full,recall,128,0.9518972102086991,0.9518972102086991,0.0
proposed_full,f1,128,0.94131406606175,0.94131406606175,0.0
ablation_no_scse,dice,128,0.0005247823422434325,0.0005247823422434325,0.0
ablation_no_scse,iou,128,0.00026498434931857305,0.00026498434931857305,0.0
ablation_no_scse,precision,128,0.976551413897984,0.976551413897984,0.0
ablation_no_scse,recall,128,0.0002651505153669987,0.0002651505153669987,0.0
ablation_no_scse,f1,128,0.0005247817911564501,0.0005247817911564501,0.0
sota_manet_resnet50,dice,128,0.19038117095011492,0.19038117095011492,0.0
sota_manet_resnet50,iou,128,0.11829166993471678,0.11829166993471679,-1.3877787807814457e-17
sota_manet_resnet50,precision,128,0.9871762278489769,0.9871762278489769,0.0
sota_manet_resnet50,recall,128,0.11869564865834197,0.11869564865834198,-1.3877787807814457e-17
sota_manet_resnet50,f1,128,0.19038102136121188,0.19038102136121188,0.0
sota_unet_resnet50,dice,128,0.12036708378148368,0.12036708378148368,0.0
sota_unet_resnet50,iou,128,0.07025993545935699,0.07025993545935698,1.3877787807814457e-17
sota_unet_resnet50,precision,128,0.9557808977551758,0.9557808977551758,0.0
sota_unet_resnet50,recall,128,0.07092072964983737,0.07092072964983735,1.3877787807814457e-17
sota_unet_resnet50,f1,128,0.12036697769891229,0.12036697769891228,1.3877787807814457e-17
sota_unet_resnet34,dice,128,0.4788564902538387,0.4788564902538387,0.0
sota_unet_resnet34,iou,128,0.36932203450496714,0.36932203450496714,0.0
sota_unet_resnet34,precision,128,0.9875539871864021,0.9875539871864021,0.0
sota_unet_resnet34,recall,128,0.3759509786360472,0.3759509786360472,0.0
sota_unet_resnet34,f1,128,0.47885618555319603,0.47885618555319603,0.0
sota_deeplabv3p_resnet50,dice,128,0.7234561456447712,0.7234561456447711,1.1102230246251565e-16
sota_deeplabv3p_resnet50,iou,128,0.6255552491078864,0.6255552491078863,1.1102230246251565e-16
sota_deeplabv3p_resnet50,precision,128,0.853199231904,0.853199231904,0.0
sota_deeplabv3p_resnet50,recall,128,0.750890308585834,0.7508903085858339,1.1102230246251565e-16
sota_deeplabv3p_resnet50,f1,128,0.723455736097882,0.7234557360978819,1.1102230246251565e-16
sota_fpn_resnet50,dice,128,0.8358176087208463,0.8358176087208463,0.0
sota_fpn_resnet50,iou,128,0.7394340778414531,0.7394340778414531,0.0
sota_fpn_resnet50,precision,128,0.8856757041066885,0.8856757041066885,0.0
sota_fpn_resnet50,recall,128,0.8340574706676321,0.8340574706676321,0.0
sota_fpn_resnet50,f1,128,0.8358171446898297,0.8358171446898297,0.0
sota_attention_unet_resnet50,dice,128,0.4398304575622479,0.43983045756224787,5.551115123125783e-17
sota_attention_unet_resnet50,iou,128,0.351430006550554,0.35143000655055406,-5.551115123125783e-17
sota_attention_unet_resnet50,precision,128,0.9741823459044099,0.9741823459044099,0.0
sota_attention_unet_resnet50,recall,128,0.3650251330034098,0.36502513300340983,-5.551115123125783e-17
sota_attention_unet_resnet50,f1,128,0.4398301857540537,0.43983018575405364,5.551115123125783e-17
ablation_no_gabor,dice,128,0.830393784684097,0.830393784684097,0.0
ablation_no_gabor,iou,128,0.7427644580648891,0.7427644580648891,0.0
ablation_no_gabor,precision,128,0.9295769408345222,0.9295769408345222,0.0
ablation_no_gabor,recall,128,0.7996538272173754,0.7996538272173754,0.0
ablation_no_gabor,f1,128,0.8303933407970994,0.8303933407970994,0.0
sota_unetpp_resnet50,dice,128,0.08276756444985955,0.08276756444985955,0.0
sota_unetpp_resnet50,iou,128,0.04827352954328722,0.04827352954328723,-6.938893903907228e-18
sota_unetpp_resnet50,precision,128,0.954419104182384,0.954419104182384,0.0
sota_unetpp_resnet50,recall,128,0.04871374606104914,0.04871374606104914,0.0
sota_unetpp_resnet50,f1,128,0.08276749237535538,0.0827674923753554,-1.3877787807814457e-17
ablation_standard_loss,dice,128,0.004711609150756987,0.004711609150756988,-8.673617379884035e-19
ablation_standard_loss,iou,128,0.0024088800217151518,0.0024088800217151518,0.0
ablation_standard_loss,precision,128,0.976024677174725,0.976024677174725,0.0
ablation_standard_loss,recall,128,0.0024098412448375992,0.0024098412448375997,-4.336808689942018e-19
ablation_standard_loss,f1,128,0.0047116045045061325,0.004711604504506134,-1.734723475976807e-18
ablation_no_weighted_sampling,dice,128,0.018015206739239262,0.018015206739239262,0.0
ablation_no_weighted_sampling,iou,128,0.00955887435801026,0.00955887435801026,0.0
ablation_no_weighted_sampling,precision,128,0.9933081227354705,0.9933081227354705,0.0
ablation_no_weighted_sampling,recall,128,0.009563660669375284,0.009563660669375284,0.0
ablation_no_weighted_sampling,f1,128,0.018015190174232074,0.018015190174232077,-3.469446951953614e-18
