dataset,version,experiment,dice,boundary_f1_2px,empty_predictions,checkpoint_sha256
bbbc038,latest,ablation_no_gabor,0.7083444611662917,0.6807195230990042,0,351e7fd2896f3cca74ba763dbaa99b1dcf0ad5ee09c401d4e27362b35889d678
bbbc038,latest,ablation_no_scse,0.5159596578371027,0.44025946791306264,0,80d8b78d3ae5520023e620e8a73afa2f649cbe5c069ea35dd0d496d918410c1a
bbbc038,latest,ablation_no_weighted_sampling,0.6042635958350886,0.539112861358868,0,c419219124ff6d749a510019d7e5328c7406a095b61a0e63799c726a394dcdd0
bbbc038,latest,ablation_standard_loss,0.46241058943273544,0.4428395733864142,0,4e75de54fc9c43e3427661a84990574e6c71bd894e24d837e1ce7c1cd627a74d
bbbc038,latest,ablation_unet_not_unetpp,0.6935455308257658,0.6146298009477799,0,b4f56d04b9ce2888155c422e6ca0f418fd2bdc337acef081e2cd67ee0979c082
bbbc038,latest,sota_attention_unet_resnet50,0.6871007591845364,0.6076628004135578,0,b88b584f80376b9cc7aa5a681335b44031eb0b8b43a607a4b2f88d282b447bbc
bbbc038,latest,sota_deeplabv3p_resnet50,0.5884007564619997,0.5510783666760692,9,a6b7f1ca0ef19b691d9e0cf46e99fbf4b08a315332c6a5a3d18a76081fdf8eb0
bbbc038,latest,sota_fpn_resnet50,0.5438557489920639,0.4826593280105993,11,662fd70e135f946f8e71ec43f2655aa2484c4f39eed47808f14e6cd1ab364eb8
bbbc038,latest,sota_manet_resnet50,0.5294201748995518,0.4752840876735409,0,4b241d4d3dbbb452ef339141d8fc3024ab77756ad1d4dd39e8f92815e24ed07e
bbbc038,latest,sota_unet_resnet34,0.6805333231287124,0.5990476131437157,0,c027bcae50455df8414e8a47a6073f8825510575cc4de84d6dd8170731123c95
bbbc038,latest,sota_unet_resnet50,0.7116852341620943,0.6341716331002288,0,76eb3b00eda01b33fd0a6f0ace1120fd73fae12be21d4690af2a6060d6363fab
bbbc038,latest,sota_unetpp_resnet50,0.5993760538190739,0.534693621709996,0,c75514533c190948f5ed28c6ccb2f91a4714075c5d98ea9cd9a8ca81f4267c4d
bbbc038,older,ablation_no_gabor,0.5934677790233814,0.57606922499614,0,e6a073eea864bfd80d96dbdab4770c1f2d444881f2fe153ac4242efc91f340d0
bbbc038,older,ablation_no_scse,0.5943613142576578,0.5220780776080585,1,b93a672c89f2d8060dfd382242060bfc6ec4056c7d78e0621285c213d84121d5
bbbc038,older,ablation_no_weighted_sampling,0.664347019710341,0.5575209661570543,0,1b677e61bc9eb98affcb9f84419e2e5374800e911b05491242572d2970ea7a8f
bbbc038,older,ablation_standard_loss,0.5963421275230075,0.5158808166103412,0,ae59f98ba731c06c993246b4133854c3a90ed5b74fe513e3bf9fef4a1677785a
bbbc038,older,ablation_unet_not_unetpp,0.6541095961865981,0.6083170809075931,0,31467f02fb555ed098599175d148ac85add8c43eb901b374752f84a8aa16e067
bbbc038,older,sota_attention_unet_resnet50,0.5416229370942585,0.4514821843376907,0,df25346cab9c4938c94cad1be3b030b27cd7e309be4740981b6ce241787e2a19
bbbc038,older,sota_deeplabv3p_resnet50,0.5678022188426316,0.5013838688075642,12,b040285e906e033178eeba97f6590082a67a1e8bdbf8448b7ac37d0342ee60cb
bbbc038,older,sota_fpn_resnet50,0.5975454064156598,0.5709748115904372,0,e9c7f5202057658081c1a45fa825baf4dd08e4aa1bb8e015e8d8022a57a5de9f
bbbc038,older,sota_manet_resnet50,0.5137772236413065,0.43877475301996555,2,74736291c05d2e5628d590d9246ca436828d9e84c2d4ca64ed9f0735785ef848
bbbc038,older,sota_unet_resnet34,0.6550686094579599,0.5902181372972357,0,6cbfa9569253cfe5e8cd484f4392ec0df33ebf589edaca0e18d0c1cfd54285d1
bbbc038,older,sota_unet_resnet50,0.5977328784896531,0.5217261487045616,0,2aa868c995d37426e52bee05a3d308b461d5370fb870d10484c1a6f760a5db61
bbbc038,older,sota_unetpp_resnet50,0.5637823627028747,0.5029722090697911,1,279a231d7814e89f94952be3c926242e1248eb104fadda3e4f8494ab99b5b2ce
bbbc039,latest,ablation_no_gabor,0.02850201876767642,0.012815316949666098,31,351e7fd2896f3cca74ba763dbaa99b1dcf0ad5ee09c401d4e27362b35889d678
bbbc039,latest,ablation_no_scse,7.749653622180659e-05,0.00030500195763990374,34,80d8b78d3ae5520023e620e8a73afa2f649cbe5c069ea35dd0d496d918410c1a
bbbc039,latest,ablation_no_weighted_sampling,0.004096657227471082,0.0023833787732320173,35,c419219124ff6d749a510019d7e5328c7406a095b61a0e63799c726a394dcdd0
bbbc039,latest,ablation_standard_loss,0.0,0.0,50,4e75de54fc9c43e3427661a84990574e6c71bd894e24d837e1ce7c1cd627a74d
bbbc039,latest,ablation_unet_not_unetpp,0.04510655456679858,0.03617472238054799,2,b4f56d04b9ce2888155c422e6ca0f418fd2bdc337acef081e2cd67ee0979c082
bbbc039,latest,sota_attention_unet_resnet50,0.5600936231331195,0.30155751724407687,1,b88b584f80376b9cc7aa5a681335b44031eb0b8b43a607a4b2f88d282b447bbc
bbbc039,latest,sota_deeplabv3p_resnet50,0.5339496232684919,0.2339176520034461,4,a6b7f1ca0ef19b691d9e0cf46e99fbf4b08a315332c6a5a3d18a76081fdf8eb0
bbbc039,latest,sota_fpn_resnet50,0.018248714283256993,0.014050572006547336,19,662fd70e135f946f8e71ec43f2655aa2484c4f39eed47808f14e6cd1ab364eb8
bbbc039,latest,sota_manet_resnet50,0.0,0.0,50,4b241d4d3dbbb452ef339141d8fc3024ab77756ad1d4dd39e8f92815e24ed07e
bbbc039,latest,sota_unet_resnet34,0.0001047432006189371,1.3101867016049786e-05,49,c027bcae50455df8414e8a47a6073f8825510575cc4de84d6dd8170731123c95
bbbc039,latest,sota_unet_resnet50,0.12049936741734174,0.088640853575536,4,76eb3b00eda01b33fd0a6f0ace1120fd73fae12be21d4690af2a6060d6363fab
bbbc039,latest,sota_unetpp_resnet50,0.007036703149526396,0.006013186939740267,15,c75514533c190948f5ed28c6ccb2f91a4714075c5d98ea9cd9a8ca81f4267c4d
bbbc039,older,ablation_no_gabor,0.09155551848665326,0.06541917659764422,10,e6a073eea864bfd80d96dbdab4770c1f2d444881f2fe153ac4242efc91f340d0
bbbc039,older,ablation_no_scse,1.3512064493388374e-05,0.00013248265039715877,47,b93a672c89f2d8060dfd382242060bfc6ec4056c7d78e0621285c213d84121d5
bbbc039,older,ablation_no_weighted_sampling,0.0043888083468795695,0.008685548522933571,6,1b677e61bc9eb98affcb9f84419e2e5374800e911b05491242572d2970ea7a8f
bbbc039,older,ablation_standard_loss,0.0005624919200301596,0.0008118194669445257,44,ae59f98ba731c06c993246b4133854c3a90ed5b74fe513e3bf9fef4a1677785a
bbbc039,older,ablation_unet_not_unetpp,0.002262795447434919,0.0020421286080522156,25,31467f02fb555ed098599175d148ac85add8c43eb901b374752f84a8aa16e067
bbbc039,older,sota_attention_unet_resnet50,0.041478257225336906,0.018512401052305928,26,df25346cab9c4938c94cad1be3b030b27cd7e309be4740981b6ce241787e2a19
bbbc039,older,sota_deeplabv3p_resnet50,0.3228778636277584,0.1421429644472166,5,b040285e906e033178eeba97f6590082a67a1e8bdbf8448b7ac37d0342ee60cb
bbbc039,older,sota_fpn_resnet50,0.2383199989464713,0.1464581953964084,4,e9c7f5202057658081c1a45fa825baf4dd08e4aa1bb8e015e8d8022a57a5de9f
bbbc039,older,sota_manet_resnet50,0.0,0.0,50,74736291c05d2e5628d590d9246ca436828d9e84c2d4ca64ed9f0735785ef848
bbbc039,older,sota_unet_resnet34,0.009773005850521387,0.0021713505926858876,23,6cbfa9569253cfe5e8cd484f4392ec0df33ebf589edaca0e18d0c1cfd54285d1
bbbc039,older,sota_unet_resnet50,0.0033177996341160533,0.0007089775005766896,28,2aa868c995d37426e52bee05a3d308b461d5370fb870d10484c1a6f760a5db61
bbbc039,older,sota_unetpp_resnet50,0.17508661949158527,0.11776339888104842,15,279a231d7814e89f94952be3c926242e1248eb104fadda3e4f8494ab99b5b2ce
tnbc,latest,ablation_no_gabor,0.20319155733503577,0.15388501646999525,0,351e7fd2896f3cca74ba763dbaa99b1dcf0ad5ee09c401d4e27362b35889d678
tnbc,latest,ablation_no_scse,0.2086307924504975,0.06863570795938753,0,80d8b78d3ae5520023e620e8a73afa2f649cbe5c069ea35dd0d496d918410c1a
tnbc,latest,ablation_no_weighted_sampling,0.21005342328513732,0.06427431567144005,0,c419219124ff6d749a510019d7e5328c7406a095b61a0e63799c726a394dcdd0
tnbc,latest,ablation_standard_loss,0.21077346622096602,0.05718136655333157,0,4e75de54fc9c43e3427661a84990574e6c71bd894e24d837e1ce7c1cd627a74d
tnbc,latest,ablation_unet_not_unetpp,0.21074030480528225,0.056972892368124944,0,b4f56d04b9ce2888155c422e6ca0f418fd2bdc337acef081e2cd67ee0979c082
tnbc,latest,sota_attention_unet_resnet50,0.21034779656929817,0.05963488066445045,0,b88b584f80376b9cc7aa5a681335b44031eb0b8b43a607a4b2f88d282b447bbc
tnbc,latest,sota_deeplabv3p_resnet50,8.441588721171054e-05,0.0010855872740778533,41,a6b7f1ca0ef19b691d9e0cf46e99fbf4b08a315332c6a5a3d18a76081fdf8eb0
tnbc,latest,sota_fpn_resnet50,0.0,0.0,49,662fd70e135f946f8e71ec43f2655aa2484c4f39eed47808f14e6cd1ab364eb8
tnbc,latest,sota_manet_resnet50,0.20948004128937697,0.0646511402801621,0,4b241d4d3dbbb452ef339141d8fc3024ab77756ad1d4dd39e8f92815e24ed07e
tnbc,latest,sota_unet_resnet34,0.21063750554998503,0.0572134888589342,0,c027bcae50455df8414e8a47a6073f8825510575cc4de84d6dd8170731123c95
tnbc,latest,sota_unet_resnet50,0.21076754818739174,0.05630786093151343,0,76eb3b00eda01b33fd0a6f0ace1120fd73fae12be21d4690af2a6060d6363fab
tnbc,latest,sota_unetpp_resnet50,0.21049659439909202,0.06362879291308494,0,c75514533c190948f5ed28c6ccb2f91a4714075c5d98ea9cd9a8ca81f4267c4d
tnbc,older,ablation_no_gabor,0.1478649460771738,0.25487095732405995,0,e6a073eea864bfd80d96dbdab4770c1f2d444881f2fe153ac4242efc91f340d0
tnbc,older,ablation_no_scse,0.2094587194763998,0.06500662456689438,0,b93a672c89f2d8060dfd382242060bfc6ec4056c7d78e0621285c213d84121d5
tnbc,older,ablation_no_weighted_sampling,0.2101216639641464,0.06308112783117646,0,1b677e61bc9eb98affcb9f84419e2e5374800e911b05491242572d2970ea7a8f
tnbc,older,ablation_standard_loss,0.21046393799492372,0.06669672781643762,0,ae59f98ba731c06c993246b4133854c3a90ed5b74fe513e3bf9fef4a1677785a
tnbc,older,ablation_unet_not_unetpp,0.20794713688366565,0.0695235187959398,0,31467f02fb555ed098599175d148ac85add8c43eb901b374752f84a8aa16e067
tnbc,older,sota_attention_unet_resnet50,0.19097081250904016,0.16939765556341663,0,df25346cab9c4938c94cad1be3b030b27cd7e309be4740981b6ce241787e2a19
tnbc,older,sota_deeplabv3p_resnet50,0.0,0.0,44,b040285e906e033178eeba97f6590082a67a1e8bdbf8448b7ac37d0342ee60cb
tnbc,older,sota_fpn_resnet50,0.006698742320652202,0.009530343053309282,22,e9c7f5202057658081c1a45fa825baf4dd08e4aa1bb8e015e8d8022a57a5de9f
tnbc,older,sota_manet_resnet50,0.21031713794029497,0.056833281033817344,0,74736291c05d2e5628d590d9246ca436828d9e84c2d4ca64ed9f0735785ef848
tnbc,older,sota_unet_resnet34,0.21068891287677718,0.058731046236614445,0,6cbfa9569253cfe5e8cd484f4392ec0df33ebf589edaca0e18d0c1cfd54285d1
tnbc,older,sota_unet_resnet50,0.210802254938858,0.056206028005708675,0,2aa868c995d37426e52bee05a3d308b461d5370fb870d10484c1a6f760a5db61
tnbc,older,sota_unetpp_resnet50,0.2074411718703773,0.08774008214907583,0,279a231d7814e89f94952be3c926242e1248eb104fadda3e4f8494ab99b5b2ce
