dataset,a,b,metric,n_units,mean_difference,ci_low,ci_high,p,p_holm
bbbc039,gabor_b7,vanilla_b7,dice,50,0.0024971470115341,0.0019680066475019358,0.002986063878553722,4.3148595807451784e-10,7.335261287266803e-09
bbbc039,gabor_b7,vanilla_b7,boundary_f1_2px,50,0.0009772178424867107,0.0002495278762316197,0.0018026105927937983,0.022974872408266123,0.16082410685786286
bbbc039,gabor_boundary_b7,vanilla_b7,dice,50,0.002349524654690771,0.0017333210672568317,0.002986285775111609,8.855280952957401e-10,1.4168449524731841e-08
bbbc039,gabor_boundary_b7,vanilla_b7,boundary_f1_2px,50,0.0014239408176190383,0.0008203933841079014,0.0020661920750707757,2.2310435863204248e-06,3.123461020848595e-05
bbbc039,scse_b7,vanilla_b7,dice,50,-0.0022278217361445174,-0.00275367927833021,-0.0017264165849433775,8.842704346534447e-12,1.680113825841545e-10
bbbc039,scse_b7,vanilla_b7,boundary_f1_2px,50,-0.0005066450026598246,-0.0015216008814747386,0.0003646934963261406,0.5335711137818162,0.9648809854779543
bbbc039,residual_gabor_b7,vanilla_b7,dice,50,-0.00029880097714553246,-0.0008080603030981604,0.00014677794462668336,0.46647302992520423,0.9648809854779543
bbbc039,residual_gabor_b7,vanilla_b7,boundary_f1_2px,50,-0.00017581294788988845,-0.0016644614594091374,0.0009258985243075417,0.054216182330456775,0.32529709398274065
bbbc039,residual_sobel_b7,vanilla_b7,dice,50,-0.0016160748475574204,-0.0022688390080696785,-0.0009827958044992752,1.1287300338835848e-07,1.6930950508253773e-06
bbbc039,residual_sobel_b7,vanilla_b7,boundary_f1_2px,50,-0.0006610746427893254,-0.001999532341333461,0.0004578270219034882,0.24513084584396871,0.9648809854779543
bbbc039,residual_gabor_boundary_b7,vanilla_b7,dice,50,9.840679209916604e-05,-0.0006613107677481972,0.0008271978924859914,0.24122024636948858,0.9648809854779543
bbbc039,residual_gabor_boundary_b7,vanilla_b7,boundary_f1_2px,50,0.00043448836858694717,-0.0011353324185709968,0.001577268459437504,0.002799360749817126,0.025194246748354132
bbbc039,gabor_boundary_b7,gabor_b7,dice,50,-0.00014762235684332882,-0.0005033583628473278,0.00023190704818937377,0.08054833435456032,0.4027416717728016
bbbc039,gabor_boundary_b7,gabor_b7,boundary_f1_2px,50,0.0004467229751323276,-5.28886755502884e-05,0.000820022163946743,1.0451820186219152e-05,0.00013587366242084897
bbbc039,residual_gabor_b7,scse_b7,dice,50,0.001929020758998985,0.001633213166420391,0.0022277802203747713,9.769962616701378e-14,1.9539925233402755e-12
bbbc039,residual_gabor_b7,scse_b7,boundary_f1_2px,50,0.0003308320547699362,-0.0006953546196520748,0.0010490859638690184,3.818192634774675e-05,0.00045818311617296104
bbbc039,residual_gabor_b7,residual_sobel_b7,dice,50,0.001317273870411888,0.0009862421960911214,0.0016824976104108825,9.07522945681194e-11,1.6335413022261491e-09
bbbc039,residual_gabor_b7,residual_sobel_b7,boundary_f1_2px,50,0.00048526169489943705,-0.00016585213255276886,0.0010701963745396528,0.0015962870115284744,0.015962870115284744
bbbc039,residual_gabor_boundary_b7,residual_gabor_b7,dice,50,0.0003972077692446985,1.2184048185250602e-05,0.0008141451126586821,0.008085622213709343,0.06468497770967474
bbbc039,residual_gabor_boundary_b7,residual_gabor_b7,boundary_f1_2px,50,0.0006103013164768356,0.00023757466213905336,0.001018499785500504,0.0004153236253312542,0.004568559878643796
tnbc,gabor_b7,vanilla_b7,dice,11,-0.051292037109387525,-0.06236746719586103,-0.041272986280454727,0.0009765625,0.01953125
tnbc,gabor_b7,vanilla_b7,boundary_f1_2px,11,-0.08700388962485318,-0.10958316935449504,-0.06656750844845986,0.0009765625,0.01953125
tnbc,gabor_boundary_b7,vanilla_b7,dice,11,-0.04209205304124292,-0.051486753925790295,-0.03322385599225282,0.0009765625,0.01953125
tnbc,gabor_boundary_b7,vanilla_b7,boundary_f1_2px,11,-0.08133046998468266,-0.10235893950606537,-0.062104111702034455,0.0009765625,0.01953125
tnbc,scse_b7,vanilla_b7,dice,11,-0.03707105564033752,-0.045575561446045465,-0.029367013629160353,0.0009765625,0.01953125
tnbc,scse_b7,vanilla_b7,boundary_f1_2px,11,-0.072812240499725,-0.0913516808356659,-0.055706323336593595,0.0009765625,0.01953125
tnbc,residual_gabor_b7,vanilla_b7,dice,11,-0.040240470003152964,-0.04954344978023086,-0.031645631121625016,0.0009765625,0.01953125
tnbc,residual_gabor_b7,vanilla_b7,boundary_f1_2px,11,-0.07414007998165424,-0.0929565631065585,-0.05676069362375621,0.0009765625,0.01953125
tnbc,residual_sobel_b7,vanilla_b7,dice,11,-0.03632879065133224,-0.04488142269952554,-0.028419301501739613,0.0009765625,0.01953125
tnbc,residual_sobel_b7,vanilla_b7,boundary_f1_2px,11,-0.07146822927592666,-0.08956709676884718,-0.05414010796093538,0.0009765625,0.01953125
tnbc,residual_gabor_boundary_b7,vanilla_b7,dice,11,-0.035806510456610624,-0.046027390681055394,-0.026683620588981695,0.0009765625,0.01953125
tnbc,residual_gabor_boundary_b7,vanilla_b7,boundary_f1_2px,11,-0.05382575826265916,-0.07606047507014298,-0.033939513166081965,0.0009765625,0.01953125
tnbc,gabor_boundary_b7,gabor_b7,dice,11,0.009199984068144602,0.0063972712091816,0.011938520748002009,0.0009765625,0.01953125
tnbc,gabor_boundary_b7,gabor_b7,boundary_f1_2px,11,0.0056734196401705276,0.001999479607552148,0.008936469214993732,0.013671875,0.068359375
tnbc,residual_gabor_b7,scse_b7,dice,11,-0.0031694143628154463,-0.0049898442430970705,-0.0012563530450748236,0.0185546875,0.07421875
tnbc,residual_gabor_b7,scse_b7,boundary_f1_2px,11,-0.0013278394819292445,-0.0027644177908361348,0.00013864024909595015,0.1474609375,0.294921875
tnbc,residual_gabor_b7,residual_sobel_b7,dice,11,-0.003911679351820729,-0.005524759842736611,-0.0022819589807368005,0.0048828125,0.029296875
tnbc,residual_gabor_b7,residual_sobel_b7,boundary_f1_2px,11,-0.0026718507057275588,-0.006730978327062156,0.0022945921517620216,0.1474609375,0.294921875
tnbc,residual_gabor_boundary_b7,residual_gabor_b7,dice,11,0.004433959546542346,0.0014234385060912043,0.007617278201955189,0.0185546875,0.07421875
tnbc,residual_gabor_boundary_b7,residual_gabor_b7,boundary_f1_2px,11,0.020314321718995065,0.012974082716339031,0.02903158844453925,0.0009765625,0.01953125
