condition,dice,dice_ci_low,dice_ci_high,n_seeds,n_groups
abl_loss_dicebce,0.9365555123786333,0.9198605705858819,0.9529318120129057,3,7
abl_loss_tversky_boundary,0.9342740286008756,0.9160361557802653,0.9531783080791562,3,7
abl_no_gabor,0.9290008458568723,0.9082771629794221,0.9486973441983199,3,7
abl_no_scse,0.9329111009243175,0.9134893795957745,0.9502318918932255,3,7
abl_plain_unet,0.9255414623328543,0.9062002954613823,0.947523492534306,3,7
abl_uniform_sampling,0.927723737789522,0.9087363681461368,0.9488341065418114,3,7
base_attunet_r50,0.9302255756809709,0.9126676528774892,0.9485619552475407,3,7
base_deeplabv3plus_r50,0.9307853835219219,0.9147150232255769,0.9483291172340146,3,7
base_fpn_r50,0.9287847283990635,0.9125437890891225,0.9462450048787154,3,7
base_manet_r50,0.9305670079715728,0.9144329282980349,0.9462632216255293,3,7
base_unet_r34,0.9316627997790742,0.91399712004437,0.9492207286925766,3,7
base_unet_r50,0.9320173411941254,0.9140356687323454,0.9501919011786967,3,7
base_unetpp_r50,0.9317235698002175,0.9167879880712111,0.9458528393285552,3,7
cellpose_finetuned,0.914026470555125,0.8858203127289347,0.9374417505434037,1,7
cellpose_zeroshot,0.9198252969965315,0.9058445772928794,0.9320985639671261,1,7
edge_canny,0.9290052695356349,0.9088647553888871,0.9485015172321728,3,7
edge_log,0.9288982381038384,0.9118482554088471,0.9474596421912936,3,7
edge_scharr,0.9308623162264281,0.913794659738308,0.9487257224389981,3,7
edge_sobel,0.9276998054097029,0.9082865647554608,0.9444834917915882,3,7
gabor_orient16,0.9325207509575628,0.9161536258761508,0.9491767796013583,3,7
gabor_orient4,0.932739791307276,0.9161566807773669,0.9492730330947171,3,7
gabor_scale2,0.933418819274711,0.9165267069632848,0.9506145515231134,3,7
gabor_scale5,0.9306836883880852,0.9134084771890926,0.9479034935139641,3,7
gabor_sigma10,0.9326874282792008,0.9143737979019776,0.9498735280437496,3,7
gabor_sigma2,0.9314631148012209,0.9122578045860916,0.9480248975729785,3,7
ladder_effb0,0.9302913038087779,0.9108021086841154,0.948655129019049,3,7
ladder_effb3,0.9343484520872083,0.9167878562565436,0.949734185772252,3,7
ladder_effb5,0.9315820720275573,0.915087809830129,0.9490109934422305,3,7
ladder_resnet34,0.9296951359649351,0.9131963515038946,0.9477341259169646,3,7
ladder_resnet50,0.9278107707558132,0.9104375114807294,0.9464760294215353,3,7
legacy_prep_proposed,0.9265506242907097,0.911978198544565,0.9399455163645826,1,7
legacy_prep_unet_r34,0.9281623396692747,0.9103243222945901,0.9439720343989696,1,7
proposed,0.9311778290198863,0.9133825981308685,0.9472080101773888,3,7
vanilla_effb7_unetpp,0.9349371507596906,0.917486595587043,0.9514830751288551,3,7
